01,Autauga County,58805
01,Baldwin County,231767
01,Barbour County,25223
01,Bibb County,22293
01,Blount County,59134
01,Bullock County,10357
01,Butler County,19051
01,Calhoun County,116441
01,Chambers County,34772
01,Cherokee County,24971
01,Chilton County,45014
01,Choctaw County,12665
01,Clarke County,23087
01,Clay County,14236
01,Cleburne County,15056
01,Coffee County,53465
01,Colbert County,57227
01,Conecuh County,11597
01,Coosa County,10387
01,Covington County,37570
01,Crenshaw County,13194
01,Cullman County,87866
01,Dale County,49326
01,Dallas County,38462
01,DeKalb County,71608
01,Elmore County,87977
01,Escambia County,36757
01,Etowah County,103436
01,Fayette County,16321
01,Franklin County,32113
01,Geneva County,26659
01,Greene County,7730
01,Hale County,14785
01,Henry County,17146
01,Houston County,107202
01,Jackson County,52579
01,Jefferson County,674721
01,Lamar County,13972
01,Lauderdale County,93564
01,Lawrence County,33073
01,Lee County,174241
01,Limestone County,103570
01,Lowndes County,10311
01,Macon County,19532
01,Madison County,388153
01,Marengo County,19323
01,Marion County,29341
01,Marshall County,97612
01,Mobile County,414809
01,Monroe County,19772
01,Montgomery County,228954
01,Morgan County,123421
01,Perry County,8511
01,Pickens County,19123
01,Pike County,33009
01,Randolph County,21967
01,Russell County,59183
01,St. Clair County,91103
01,Shelby County,223024
01,Sumter County,12345
01,Talladega County,82149
01,Tallapoosa County,41311
01,Tuscaloosa County,227036
01,Walker County,65342
01,Washington County,15388
01,Wilcox County,10600
01,Winston County,23540
02,Aleutians East Borough,3420
02,Aleutians West Census Area,5232
02,Anchorage Municipality,291247
02,Bethel Census Area,18666
02,Bristol Bay Borough,844
02,Chugach Census Area,7102
02,Copper River Census Area,2617
02,Denali Borough,1619
02,Dillingham Census Area,4857
02,Fairbanks North Star Borough,95655
02,Haines Borough,2080
02,Hoonah-Angoon Census Area,2365
02,Juneau City and Borough,32255
02,Kenai Peninsula Borough,58799
02,Ketchikan Gateway Borough,13948
02,Kodiak Island Borough,13101
02,Kusilvak Census Area,8368
02,Lake and Peninsula Borough,1476
02,Matanuska-Susitna Borough,107081
02,Nome Census Area,10046
02,North Slope Borough,11031
02,Northwest Arctic Borough,7793
02,Petersburg Borough,3398
02,Prince of Wales-Hyder Census Area,5753
02,Sitka City and Borough,8458
02,Skagway Municipality,1240
02,Southeast Fairbanks Census Area,6808
02,Wrangell City and Borough,2127
02,Yakutat City and Borough,662
02,Yukon-Koyukuk Census Area,5343
04,Apache County,66021
04,Cochise County,125447
04,Coconino County,145101
04,Gila County,53272
04,Graham County,38533
04,Greenlee County,9563
04,La Paz County,16557
04,Maricopa County,4420568
04,Mohave County,213267
04,Navajo County,106717
04,Pima County,1043433
04,Pinal County,425264
04,Santa Cruz County,47669
04,Yavapai County,236209
04,Yuma County,203881
05,Arkansas County,17149
05,Ashley County,19062
05,Baxter County,41627
05,Benton County,284333
05,Boone County,37373
05,Bradley County,10545
05,Calhoun County,4739
05,Carroll County,28260
05,Chicot County,10208
05,Clark County,21446
05,Clay County,14552
05,Cleburne County,24711
05,Cleveland County,7550
05,Columbia County,22801
05,Conway County,20715
05,Craighead County,111231
05,Crawford County,60133
05,Crittenden County,48163
05,Cross County,16833
05,Dallas County,6482
05,Desha County,11395
05,Drew County,17350
05,Faulkner County,123498
05,Franklin County,17097
05,Fulton County,12075
05,Garland County,100180
05,Grant County,17958
05,Greene County,45736
05,Hempstead County,20065
05,Hot Spring County,33040
05,Howard County,12785
05,Independence County,37938
05,Izard County,13577
05,Jackson County,16755
05,Jefferson County,67260
05,Johnson County,25749
05,Lafayette County,6308
05,Lawrence County,16216
05,Lee County,8600
05,Lincoln County,12941
05,Little River County,12026
05,Logan County,21131
05,Lonoke County,74015
05,Madison County,16521
05,Marion County,16826
05,Miller County,42600
05,Mississippi County,40685
05,Monroe County,6799
05,Montgomery County,8484
05,Nevada County,8310
05,Newton County,7225
05,Ouachita County,22650
05,Perry County,10019
05,Phillips County,16568
05,Pike County,10171
05,Poinsett County,22965
05,Polk County,19221
05,Pope County,63381
05,Prairie County,8282
05,Pulaski County,399125
05,Randolph County,18571
05,St. Francis County,23090
05,Saline County,123416
05,Scott County,9836
05,Searcy County,7828
05,Sebastian County,127799
05,Sevier County,15839
05,Sharp County,17271
05,Stone County,12359
05,Union County,39054
05,Van Buren County,15796
05,Washington County,245871
05,White County,76822
05,Woodruff County,6269
05,Yell County,20263
06,Alameda County,1682353
06,Alpine County,1204
06,Amador County,40474
06,Butte County,211632
06,Calaveras County,45292
06,Colusa County,21839
06,Contra Costa County,1165927
06,Del Norte County,27743
06,El Dorado County,191185
06,Fresno County,1008654
06,Glenn County,28917
06,Humboldt County,136463
06,Imperial County,179702
06,Inyo County,19016
06,Kern County,909235
06,Kings County,152486
06,Lake County,68163
06,Lassen County,32730
06,Los Angeles County,10014009
06,Madera County,156255
06,Marin County,262321
06,Mariposa County,17131
06,Mendocino County,91601
06,Merced County,281202
06,Modoc County,8700
06,Mono County,13195
06,Monterey County,439035
06,Napa County,138019
06,Nevada County,102241
06,Orange County,3186989
06,Placer County,404739
06,Plumas County,19790
06,Riverside County,2418185
06,Sacramento County,1585055
06,San Benito County,64209
06,San Bernardino County,2181654
06,San Diego County,3298634
06,San Francisco County,873965
06,San Joaquin County,779233
06,San Luis Obispo County,282424
06,San Mateo County,764442
06,Santa Barbara County,448229
06,Santa Clara County,1936259
06,Santa Cruz County,270861
06,Shasta County,182155
06,Sierra County,3236
06,Siskiyou County,44076
06,Solano County,453491
06,Sonoma County,488863
06,Stanislaus County,552878
06,Sutter County,99633
06,Tehama County,65829
06,Trinity County,16112
06,Tulare County,473117
06,Tuolumne County,55620
06,Ventura County,843843
06,Yolo County,216403
06,Yuba County,81575
08,Adams County,519572
08,Alamosa County,16376
08,Arapahoe County,655070
08,Archuleta County,13359
08,Baca County,3506
08,Bent County,5650
08,Boulder County,330758
08,Broomfield County,74112
08,Chaffee County,19476
08,Cheyenne County,1748
08,Clear Creek County,9397
08,Conejos County,7461
08,Costilla County,3499
08,Crowley County,5922
08,Custer County,4704
08,Delta County,31196
08,Denver County,715522
08,Dolores County,2326
08,Douglas County,357978
08,Eagle County,55731
08,Elbert County,26062
08,El Paso County,730395
08,Fremont County,48939
08,Garfield County,61685
08,Gilpin County,5808
08,Grand County,15717
08,Gunnison County,16918
08,Hinsdale County,788
08,Huerfano County,6820
08,Jackson County,1379
08,Jefferson County,582910
08,Kiowa County,1446
08,Kit Carson County,7087
08,Lake County,7436
08,La Plata County,55638
08,Larimer County,359066
08,Las Animas County,14555
08,Lincoln County,5675
08,Logan County,21528
08,Mesa County,155703
08,Mineral County,865
08,Moffat County,13292
08,Montezuma County,25849
08,Montrose County,42679
08,Morgan County,29111
08,Otero County,18690
08,Ouray County,4874
08,Park County,17390
08,Phillips County,4530
08,Pitkin County,17358
08,Prowers County,11999
08,Pueblo County,168162
08,Rio Blanco County,6529
08,Rio Grande County,11539
08,Routt County,24829
08,Saguache County,6368
08,San Juan County,705
08,San Miguel County,8072
08,Sedgwick County,2404
08,Summit County,31055
08,Teller County,24710
08,Washington County,4817
08,Weld County,328981
08,Yuma County,9988
09,Fairfield County,957419
09,Hartford County,899498
09,Litchfield County,185186
09,Middlesex County,164245
09,New Haven County,864835
09,New London County,268555
09,Tolland County,149788
09,Windham County,116418
10,Kent County,181851
10,New Castle County,570719
10,Sussex County,237378
11,District of Columbia,689545
12,Alachua County,278468
12,Baker County,28259
12,Bay County,175216
12,Bradford County,28303
12,Brevard County,606612
12,Broward County,1944375
12,Calhoun County,13648
12,Charlotte County,186847
12,Citrus County,153843
12,Clay County,218245
12,Collier County,375752
12,Columbia County,69698
12,DeSoto County,33976
12,Dixie County,16759
12,Duval County,995567
12,Escambia County,321905
12,Flagler County,115378
12,Franklin County,12451
12,Gadsden County,43826
12,Gilchrist County,17864
12,Glades County,12126
12,Gulf County,14192
12,Hamilton County,14004
12,Hardee County,25327
12,Hendry County,39619
12,Hernando County,194515
12,Highlands County,101235
12,Hillsborough County,1459762
12,Holmes County,19653
12,Indian River County,159788
12,Jackson County,47319
12,Jefferson County,14510
12,Lafayette County,8226
12,Lake County,383956
12,Lee County,760822
12,Leon County,292198
12,Levy County,42915
12,Liberty County,7974
12,Madison County,17968
12,Manatee County,399710
12,Marion County,375908
12,Martin County,158431
12,Miami-Dade County,2701767
12,Monroe County,82874
12,Nassau County,90352
12,Okaloosa County,211668
12,Okeechobee County,39644
12,Orange County,1429908
12,Osceola County,388656
12,Palm Beach County,1492191
12,Pasco County,561891
12,Pinellas County,959107
12,Polk County,725046
12,Putnam County,73321
12,St. Johns County,273425
12,St. Lucie County,329226
12,Santa Rosa County,188000
12,Sarasota County,434006
12,Seminole County,470856
12,Sumter County,129752
12,Suwannee County,43474
12,Taylor County,21796
12,Union County,16147
12,Volusia County,553543
12,Wakulla County,33764
12,Walton County,75305
12,Washington County,25318
13,Appling County,18444
13,Atkinson County,8286
13,Bacon County,11140
13,Baker County,2876
13,Baldwin County,43799
13,Banks County,18035
13,Barrow County,83505
13,Bartow County,108901
13,Ben Hill County,17194
13,Berrien County,18160
13,Bibb County,157346
13,Bleckley County,12583
13,Brantley County,18021
13,Brooks County,16301
13,Bryan County,44738
13,Bulloch County,81099
13,Burke County,24596
13,Butts County,25434
13,Calhoun County,5573
13,Camden County,54768
13,Candler County,10981
13,Carroll County,119148
13,Catoosa County,67872
13,Charlton County,12518
13,Chatham County,295291
13,Chattahoochee County,9565
13,Chattooga County,24965
13,Cherokee County,266620
13,Clarke County,128671
13,Clay County,2848
13,Clayton County,297595
13,Clinch County,6749
13,Cobb County,766149
13,Coffee County,43092
13,Colquitt County,45898
13,Columbia County,156010
13,Cook County,17229
13,Coweta County,146158
13,Crawford County,12130
13,Crisp County,20128
13,Dade County,16251
13,Dawson County,26798
13,Decatur County,29367
13,DeKalb County,764382
13,Dodge County,19925
13,Dooly County,11208
13,Dougherty County,85790
13,Douglas County,144237
13,Early County,10854
13,Echols County,3697
13,Effingham County,64769
13,Elbert County,19637
13,Emanuel County,22768
13,Evans County,10774
13,Fannin County,25319
13,Fayette County,119194
13,Floyd County,98584
13,Forsyth County,251283
13,Franklin County,23424
13,Fulton County,1066710
13,Gilmer County,31353
13,Glascock County,2884
13,Glynn County,84499
13,Gordon County,57544
13,Grady County,26236
13,Greene County,18915
13,Gwinnett County,957062
13,Habersham County,46031
13,Hall County,203136
13,Hancock County,8735
13,Haralson County,29919
13,Harris County,34668
13,Hart County,25828
13,Heard County,11412
13,Henry County,240712
13,Houston County,163633
13,Irwin County,9666
13,Jackson County,75907
13,Jasper County,14588
13,Jeff Davis County,14779
13,Jefferson County,15709
13,Jenkins County,8674
13,Johnson County,9189
13,Jones County,28347
13,Lamar County,18500
13,Lanier County,9877
13,Laurens County,49570
13,Lee County,33163
13,Liberty County,65256
13,Lincoln County,7690
13,Long County,16168
13,Lowndes County,118251
13,Lumpkin County,33488
13,McDuffie County,21632
13,McIntosh County,10975
13,Macon County,12082
13,Madison County,30120
13,Marion County,7498
13,Meriwether County,20613
13,Miller County,6000
13,Mitchell County,21755
13,Monroe County,27957
13,Montgomery County,8610
13,Morgan County,20097
13,Murray County,39973
13,Muscogee County,206922
13,Newton County,112483
13,Oconee County,41799
13,Oglethorpe County,14825
13,Paulding County,168661
13,Peach County,27981
13,Pickens County,33216
13,Pierce County,19716
13,Pike County,18889
13,Polk County,42853
13,Pulaski County,9855
13,Putnam County,22047
13,Quitman County,2235
13,Rabun County,16883
13,Randolph County,6425
13,Richmond County,206607
13,Rockdale County,93570
13,Schley County,4547
13,Screven County,14067
13,Seminole County,9147
13,Spalding County,67306
13,Stephens County,26784
13,Stewart County,5314
13,Sumter County,29616
13,Talbot County,5733
13,Taliaferro County,1559
13,Tattnall County,22842
13,Taylor County,7816
13,Telfair County,12477
13,Terrell County,9185
13,Thomas County,45798
13,Tift County,41344
13,Toombs County,27030
13,Towns County,12493
13,Treutlen County,6406
13,Troup County,69426
13,Turner County,9006
13,Twiggs County,8022
13,Union County,24632
13,Upson County,27700
13,Walker County,67654
13,Walton County,96673
13,Ware County,36251
13,Warren County,5215
13,Washington County,19988
13,Wayne County,30144
13,Webster County,2348
13,Wheeler County,7471
13,White County,28003
13,Whitfield County,102864
13,Wilcox County,8766
13,Wilkes County,9565
13,Wilkinson County,8877
13,Worth County,20784
15,Hawaii County,200629
15,Honolulu County,1016508
15,Kalawao County,82
15,Kauai County,73298
15,Maui County,164754
16,Ada County,494967
16,Adams County,4379
16,Bannock County,87018
16,Bear Lake County,6372
16,Benewah County,9530
16,Bingham County,47992
16,Blaine County,24272
16,Boise County,7610
16,Bonner County,47110
16,Bonneville County,123964
16,Boundary County,12056
16,Butte County,2574
16,Camas County,1077
16,Canyon County,231105
16,Caribou County,7027
16,Cassia County,24655
16,Clark County,790
16,Clearwater County,8734
16,Custer County,4275
16,Elmore County,28666
16,Franklin County,14194
16,Fremont County,13388
16,Gem County,19123
16,Gooding County,15598
16,Idaho County,16541
16,Jefferson County,30891
16,Jerome County,24237
16,Kootenai County,171362
16,Latah County,39517
16,Lemhi County,7974
16,Lewis County,3533
16,Lincoln County,5127
16,Madison County,52913
16,Minidoka County,21613
16,Nez Perce County,42090
16,Oneida County,4564
16,Owyhee County,11913
16,Payette County,25386
16,Power County,7878
16,Shoshone County,13169
16,Teton County,11630
16,Twin Falls County,90046
16,Valley County,11746
16,Washington County,10500
17,Adams County,65737
17,Alexander County,5240
17,Bond County,16725
17,Boone County,53448
17,Brown County,6244
17,Bureau County,33244
17,Calhoun County,4437
17,Carroll County,15702
17,Cass County,13042
17,Champaign County,205865
17,Christian County,34032
17,Clark County,15455
17,Clay County,13288
17,Clinton County,36899
17,Coles County,46863
17,Cook County,5275541
17,Crawford County,18679
17,Cumberland County,10450
17,DeKalb County,100420
17,De Witt County,15516
17,Douglas County,19740
17,DuPage County,932877
17,Edgar County,16866
17,Edwards County,6245
17,Effingham County,34668
17,Fayette County,21488
17,Ford County,13534
17,Franklin County,37804
17,Fulton County,33609
17,Gallatin County,4946
17,Greene County,11985
17,Grundy County,52533
17,Hamilton County,7993
17,Hancock County,17620
17,Hardin County,3649
17,Henderson County,6387
17,Henry County,49284
17,Iroquois County,27077
17,Jackson County,52974
17,Jasper County,9287
17,Jefferson County,37113
17,Jersey County,21512
17,Jo Daviess County,22035
17,Johnson County,13308
17,Kane County,516522
17,Kankakee County,107502
17,Kendall County,131869
17,Knox County,49967
17,Lake County,714342
17,LaSalle County,109658
17,Lawrence County,15280
17,Lee County,34145
17,Livingston County,35815
17,Logan County,27987
17,McDonough County,27238
17,McHenry County,310229
17,McLean County,170954
17,Macon County,103998
17,Macoupin County,44967
17,Madison County,265859
17,Marion County,37729
17,Marshall County,11742
17,Mason County,13086
17,Massac County,14169
17,Menard County,12297
17,Mercer County,15699
17,Monroe County,34962
17,Montgomery County,28288
17,Morgan County,32915
17,Moultrie County,14526
17,Ogle County,51788
17,Peoria County,181830
17,Perry County,20945
17,Piatt County,16673
17,Pike County,14739
17,Pope County,3763
17,Pulaski County,5193
17,Putnam County,5637
17,Randolph County,30163
17,Richland County,15813
17,Rock Island County,144672
17,St. Clair County,257400
17,Saline County,23768
17,Sangamon County,196343
17,Schuyler County,6902
17,Scott County,4949
17,Shelby County,20990
17,Stark County,5400
17,Stephenson County,44630
17,Tazewell County,131343
17,Union County,17244
17,Vermilion County,74188
17,Wabash County,11361
17,Warren County,16835
17,Washington County,13761
17,Wayne County,16179
17,White County,13877
17,Whiteside County,55691
17,Will County,696355
17,Williamson County,67153
17,Winnebago County,285350
17,Woodford County,38467
18,Adams County,35809
18,Allen County,385410
18,Bartholomew County,82208
18,Benton County,8719
18,Blackford County,12112
18,Boone County,70812
18,Brown County,15475
18,Carroll County,20306
18,Cass County,37870
18,Clark County,121093
18,Clay County,26466
18,Clinton County,33190
18,Crawford County,10526
18,Daviess County,33381
18,Dearborn County,50679
18,Decatur County,26472
18,DeKalb County,43265
18,Delaware County,111903
18,Dubois County,43637
18,Elkhart County,207047
18,Fayette County,23398
18,Floyd County,80484
18,Fountain County,16479
18,Franklin County,22785
18,Fulton County,20480
18,Gibson County,33011
18,Grant County,66674
18,Greene County,30803
18,Hamilton County,347467
18,Hancock County,79840
18,Harrison County,39654
18,Hendricks County,174788
18,Henry County,48914
18,Howard County,83658
18,Huntington County,36662
18,Jackson County,46428
18,Jasper County,32918
18,Jay County,20478
18,Jefferson County,33147
18,Jennings County,27613
18,Johnson County,161765
18,Knox County,36282
18,Kosciusko County,80240
18,LaGrange County,40446
18,Lake County,498700
18,LaPorte County,112417
18,Lawrence County,45011
18,Madison County,130129
18,Marion County,977203
18,Marshall County,46095
18,Martin County,9812
18,Miami County,35962
18,Monroe County,139718
18,Montgomery County,37936
18,Morgan County,71780
18,Newton County,13830
18,Noble County,47457
18,Ohio County,5940
18,Orange County,19867
18,Owen County,21321
18,Parke County,16156
18,Perry County,19170
18,Pike County,12250
18,Porter County,173215
18,Posey County,25222
18,Pulaski County,12514
18,Putnam County,36726
18,Randolph County,24502
18,Ripley County,28995
18,Rush County,16752
18,St. Joseph County,272912
18,Scott County,24384
18,Shelby County,45055
18,Spencer County,19810
18,Starke County,23371
18,Steuben County,34435
18,Sullivan County,20817
18,Switzerland County,9737
18,Tippecanoe County,186251
18,Tipton County,15359
18,Union County,7087
18,Vanderburgh County,180136
18,Vermillion County,15439
18,Vigo County,106153
18,Wabash County,30976
18,Warren County,8440
18,Warrick County,63898
18,Washington County,28182
18,Wayne County,66553
18,Wells County,28180
18,White County,24688
18,Whitley County,34191
19,Adair County,7496
19,Adams County,3704
19,Allamakee County,14061
19,Appanoose County,12317
19,Audubon County,5674
19,Benton County,25575
19,Black Hawk County,131144
19,Boone County,26715
19,Bremer County,24988
19,Buchanan County,20565
19,Buena Vista County,20823
19,Butler County,14334
19,Calhoun County,9927
19,Carroll County,20760
19,Cass County,13127
19,Cedar County,18505
19,Cerro Gordo County,43127
19,Cherokee County,11658
19,Chickasaw County,12012
19,Clarke County,9748
19,Clay County,16384
19,Clayton County,17043
19,Clinton County,46460
19,Crawford County,16525
19,Dallas County,99678
19,Davis County,9110
19,Decatur County,7645
19,Delaware County,17488
19,Des Moines County,38910
19,Dickinson County,17703
19,Dubuque County,99266
19,Emmet County,9388
19,Fayette County,19509
19,Floyd County,15627
19,Franklin County,10019
19,Fremont County,6605
19,Greene County,8771
19,Grundy County,12329
19,Guthrie County,10623
19,Hamilton County,15039
19,Hancock County,10795
19,Hardin County,16878
19,Harrison County,14582
19,Henry County,20482
19,Howard County,9469
19,Humboldt County,9597
19,Ida County,7005
19,Iowa County,16662
19,Jackson County,19485
19,Jasper County,37813
19,Jefferson County,15663
19,Johnson County,152854
19,Jones County,20646
19,Keokuk County,10033
19,Kossuth County,14828
19,Lee County,33555
19,Linn County,230299
19,Louisa County,10837
19,Lucas County,8634
19,Lyon County,11934
19,Madison County,16548
19,Mahaska County,22190
19,Marion County,33414
19,Marshall County,40105
19,Mills County,14484
19,Mitchell County,10565
19,Monona County,8751
19,Monroe County,7577
19,Montgomery County,10330
19,Muscatine County,43235
19,O'Brien County,14182
19,Osceola County,6192
19,Page County,15211
19,Palo Alto County,8996
19,Plymouth County,25698
19,Pocahontas County,7078
19,Polk County,492401
19,Pottawattamie County,93667
19,Poweshiek County,18662
19,Ringgold County,4663
19,Sac County,9814
19,Scott County,174669
19,Shelby County,11746
19,Sioux County,35872
19,Story County,98537
19,Tama County,17135
19,Taylor County,5896
19,Union County,12138
19,Van Buren County,7203
19,Wapello County,35437
19,Warren County,52403
19,Washington County,22565
19,Wayne County,6497
19,Webster County,36999
19,Winnebago County,10679
19,Winneshiek County,20070
19,Woodbury County,105941
19,Worth County,7443
19,Wright County,12943
20,Allen County,12526
20,Anderson County,7836
20,Atchison County,16348
20,Barber County,4228
20,Barton County,25493
20,Bourbon County,14360
20,Brown County,9508
20,Butler County,67380
20,Chase County,2572
20,Chautauqua County,3379
20,Cherokee County,19362
20,Cheyenne County,2616
20,Clark County,1991
20,Clay County,8117
20,Cloud County,9032
20,Coffey County,8360
20,Comanche County,1689
20,Cowley County,34549
20,Crawford County,38972
20,Decatur County,2764
20,Dickinson County,18402
20,Doniphan County,7510
20,Douglas County,118785
20,Edwards County,2907
20,Elk County,2483
20,Ellis County,28934
20,Ellsworth County,6376
20,Finney County,38470
20,Ford County,34287
20,Franklin County,25996
20,Geary County,36739
20,Gove County,2718
20,Graham County,2415
20,Grant County,7352
20,Gray County,5653
20,Greeley County,1284
20,Greenwood County,6016
20,Hamilton County,2518
20,Harper County,5485
20,Harvey County,34024
20,Haskell County,3780
20,Hodgeman County,1723
20,Jackson County,13232
20,Jefferson County,18368
20,Jewell County,2932
20,Johnson County,609863
20,Kearny County,3983
20,Kingman County,7470
20,Kiowa County,2460
20,Labette County,20184
20,Lane County,1574
20,Leavenworth County,81881
20,Lincoln County,2939
20,Linn County,9591
20,Logan County,2762
20,Lyon County,32179
20,McPherson County,30223
20,Marion County,11823
20,Marshall County,10038
20,Meade County,4055
20,Miami County,34191
20,Mitchell County,5796
20,Montgomery County,31486
20,Morris County,5386
20,Morton County,2701
20,Nemaha County,10273
20,Neosho County,15904
20,Ness County,2687
20,Norton County,5459
20,Osage County,15766
20,Osborne County,3500
20,Ottawa County,5735
20,Pawnee County,6253
20,Phillips County,4981
20,Pottawatomie County,25348
20,Pratt County,9157
20,Rawlins County,2561
20,Reno County,61898
20,Republic County,4674
20,Rice County,9427
20,Riley County,71959
20,Rooks County,4919
20,Rush County,2956
20,Russell County,6691
20,Saline County,54303
20,Scott County,5151
20,Sedgwick County,523824
20,Seward County,21964
20,Shawnee County,178909
20,Sheridan County,2447
20,Sherman County,5927
20,Smith County,3570
20,Stafford County,4072
20,Stanton County,2084
20,Stevens County,5250
20,Sumner County,22382
20,Thomas County,7930
20,Trego County,2808
20,Wabaunsee County,6877
20,Wallace County,1512
20,Washington County,5530
20,Wichita County,2152
20,Wilson County,8624
20,Woodson County,3115
20,Wyandotte County,169245
21,Adair County,18903
21,Allen County,20588
21,Anderson County,23852
21,Ballard County,7728
21,Barren County,44485
21,Bath County,12750
21,Bell County,24097
21,Boone County,135968
21,Bourbon County,20252
21,Boyd County,48261
21,Boyle County,30614
21,Bracken County,8400
21,Breathitt County,13718
21,Breckinridge County,20432
21,Bullitt County,82217
21,Butler County,12371
21,Caldwell County,12649
21,Calloway County,37103
21,Campbell County,93076
21,Carlisle County,4826
21,Carroll County,10810
21,Carter County,26627
21,Casey County,15941
21,Christian County,72748
21,Clark County,36972
21,Clay County,20345
21,Clinton County,9253
21,Crittenden County,8990
21,Cumberland County,5888
21,Daviess County,103312
21,Edmonson County,12126
21,Elliott County,7354
21,Estill County,14163
21,Fayette County,322570
21,Fleming County,15082
21,Floyd County,35942
21,Franklin County,51541
21,Fulton County,6515
21,Gallatin County,8690
21,Garrard County,16953
21,Grant County,24941
21,Graves County,36649
21,Grayson County,26420
21,Green County,11107
21,Greenup County,35962
21,Hancock County,9095
21,Hardin County,110702
21,Harlan County,26831
21,Harrison County,18692
21,Hart County,19288
21,Henderson County,44793
21,Henry County,15678
21,Hickman County,4521
21,Hopkins County,45423
21,Jackson County,12955
21,Jefferson County,782969
21,Jessamine County,52991
21,Johnson County,22680
21,Kenton County,169064
21,Knott County,14251
21,Knox County,30193
21,Larue County,14867
21,Laurel County,62613
21,Lawrence County,16293
21,Lee County,7395
21,Leslie County,10513
21,Letcher County,21548
21,Lewis County,13080
21,Lincoln County,24275
21,Livingston County,8888
21,Logan County,27432
21,Lyon County,8680
21,McCracken County,67875
21,McCreary County,16888
21,McLean County,9152
21,Madison County,92701
21,Magoffin County,11637
21,Marion County,19581
21,Marshall County,31659
21,Martin County,11287
21,Mason County,17120
21,Meade County,30003
21,Menifee County,6113
21,Mercer County,22641
21,Metcalfe County,10286
21,Monroe County,11338
21,Montgomery County,28114
21,Morgan County,13726
21,Muhlenberg County,30928
21,Nelson County,46738
21,Nicholas County,7537
21,Ohio County,23772
21,Oldham County,67607
21,Owen County,11278
21,Owsley County,4051
21,Pendleton County,14644
21,Perry County,28473
21,Pike County,58669
21,Powell County,13129
21,Pulaski County,65034
21,Robertson County,2193
21,Rockcastle County,16037
21,Rowan County,24662
21,Russell County,17991
21,Scott County,57155
21,Shelby County,48065
21,Simpson County,19594
21,Spencer County,19490
21,Taylor County,26023
21,Todd County,12243
21,Trigg County,14061
21,Trimble County,8474
21,Union County,13668
21,Warren County,134554
21,Washington County,12027
21,Wayne County,19555
21,Webster County,13017
21,Whitley County,36712
21,Wolfe County,6562
21,Woodford County,26871
22,Acadia Parish,57576
22,Allen Parish,22750
22,Ascension Parish,126500
22,Assumption Parish,21039
22,Avoyelles Parish,39693
22,Beauregard Parish,36549
22,Bienville Parish,12981
22,Bossier Parish,128746
22,Caddo Parish,237848
22,Calcasieu Parish,216785
22,Caldwell Parish,9645
22,Cameron Parish,5617
22,Catahoula Parish,8906
22,Claiborne Parish,14170
22,Concordia Parish,18687
22,De Soto Parish,26812
22,East Baton Rouge Parish,456781
22,East Carroll Parish,7459
22,East Feliciana Parish,19539
22,Evangeline Parish,32350
22,Franklin Parish,19774
22,Grant Parish,22169
22,Iberia Parish,69929
22,Iberville Parish,30241
22,Jackson Parish,15031
22,Jefferson Parish,440781
22,Jefferson Davis Parish,32250
22,Lafayette Parish,241753
22,Lafourche Parish,97557
22,LaSalle Parish,14791
22,Lincoln Parish,48396
22,Livingston Parish,142282
22,Madison Parish,10017
22,Morehouse Parish,25629
22,Natchitoches Parish,37515
22,Orleans Parish,383997
22,Ouachita Parish,160368
22,Plaquemines Parish,23515
22,Pointe Coupee Parish,20758
22,Rapides Parish,130023
22,Red River Parish,7620
22,Richland Parish,20043
22,Sabine Parish,22155
22,St. Bernard Parish,43764
22,St. Charles Parish,52549
22,St. Helena Parish,10920
22,St. James Parish,20192
22,St. John the Baptist Parish,42477
22,St. Landry Parish,82540
22,St. Martin Parish,51767
22,St. Mary Parish,49406
22,St. Tammany Parish,264570
22,Tangipahoa Parish,133157
22,Tensas Parish,4147
22,Terrebonne Parish,109580
22,Union Parish,21107
22,Vermilion Parish,57359
22,Vernon Parish,48750
22,Washington Parish,45463
22,Webster Parish,36967
22,West Baton Rouge Parish,27199
22,West Carroll Parish,9751
22,West Feliciana Parish,15310
22,Winn Parish,13755
23,Androscoggin County,111139
23,Aroostook County,67105
23,Cumberland County,303069
23,Franklin County,29456
23,Hancock County,55478
23,Kennebec County,123642
23,Knox County,40607
23,Lincoln County,35237
23,Oxford County,57777
23,Penobscot County,152199
23,Piscataquis County,16800
23,Sagadahoc County,36699
23,Somerset County,50477
23,Waldo County,39607
23,Washington County,31095
23,York County,211972
24,Allegany County,68106
24,Anne Arundel County,588261
24,Baltimore County,854535
24,Calvert County,92783
24,Caroline County,33293
24,Carroll County,172891
24,Cecil County,103725
24,Charles County,166617
24,Dorchester County,32531
24,Frederick County,271717
24,Garrett County,28806
24,Harford County,260924
24,Howard County,332317
24,Kent County,19198
24,Montgomery County,1062061
24,Prince George's County,967201
24,Queen Anne's County,49874
24,St. Mary's County,113777
24,Somerset County,24620
24,Talbot County,37526
24,Washington County,154705
24,Wicomico County,103588
24,Worcester County,52460
24,Baltimore city,585708
25,Barnstable County,228996
25,Berkshire County,129026
25,Bristol County,579200
25,Dukes County,20600
25,Essex County,809829
25,Franklin County,71029
25,Hampden County,465825
25,Hampshire County,162308
25,Middlesex County,1632002
25,Nantucket County,14255
25,Norfolk County,725981
25,Plymouth County,530819
25,Suffolk County,797936
25,Worcester County,862111
26,Alcona County,10167
26,Alger County,8842
26,Allegan County,120502
26,Alpena County,28907
26,Antrim County,23431
26,Arenac County,15002
26,Baraga County,8158
26,Barry County,62423
26,Bay County,103856
26,Benzie County,17970
26,Berrien County,154316
26,Branch County,44862
26,Calhoun County,134310
26,Cass County,51589
26,Charlevoix County,26054
26,Cheboygan County,25579
26,Chippewa County,36785
26,Clare County,30856
26,Clinton County,79128
26,Crawford County,12988
26,Delta County,36903
26,Dickinson County,25947
26,Eaton County,109175
26,Emmet County,34112
26,Genesee County,406211
26,Gladwin County,25386
26,Gogebic County,14380
26,Grand Traverse County,95238
26,Gratiot County,41761
26,Hillsdale County,45746
26,Houghton County,37361
26,Huron County,31407
26,Ingham County,284900
26,Ionia County,66804
26,Iosco County,25237
26,Iron County,11631
26,Isabella County,64394
26,Jackson County,160366
26,Kalamazoo County,261670
26,Kalkaska County,17939
26,Kent County,657974
26,Keweenaw County,2046
26,Lake County,12096
26,Lapeer County,88619
26,Leelanau County,22301
26,Lenawee County,99423
26,Livingston County,193866
26,Luce County,5339
26,Mackinac County,10834
26,Macomb County,881217
26,Manistee County,25032
26,Marquette County,66017
26,Mason County,29052
26,Mecosta County,39714
26,Menominee County,23502
26,Midland County,83494
26,Missaukee County,15052
26,Monroe County,154809
26,Montcalm County,66614
26,Montmorency County,9153
26,Muskegon County,175824
26,Newaygo County,49978
26,Oakland County,1274395
26,Oceana County,26659
26,Ogemaw County,20770
26,Ontonagon County,5816
26,Osceola County,22891
26,Oscoda County,8219
26,Otsego County,25091
26,Ottawa County,296200
26,Presque Isle County,12982
26,Roscommon County,23459
26,Saginaw County,190124
26,St. Clair County,160383
26,St. Joseph County,60939
26,Sanilac County,40611
26,Schoolcraft County,8047
26,Shiawassee County,68094
26,Tuscola County,53323
26,Van Buren County,75587
26,Washtenaw County,372258
26,Wayne County,1793561
26,Wexford County,33673
27,Aitkin County,15697
27,Anoka County,363887
27,Becker County,35183
27,Beltrami County,46228
27,Benton County,41379
27,Big Stone County,5166
27,Blue Earth County,69112
27,Brown County,25912
27,Carlton County,36207
27,Carver County,106922
27,Cass County,30066
27,Chippewa County,12598
27,Chisago County,56621
27,Clay County,65318
27,Clearwater County,8524
27,Cook County,5600
27,Cottonwood County,11517
27,Crow Wing County,66123
27,Dakota County,439882
27,Dodge County,20867
27,Douglas County,39006
27,Faribault County,13921
27,Fillmore County,21228
27,Freeborn County,30895
27,Goodhue County,47582
27,Grant County,6074
27,Hennepin County,1281565
27,Houston County,18843
27,Hubbard County,21344
27,Isanti County,41135
27,Itasca County,45014
27,Jackson County,9989
27,Kanabec County,16032
27,Kandiyohi County,43732
27,Kittson County,4207
27,Koochiching County,12062
27,Lac qui Parle County,6719
27,Lake County,10905
27,Lake of the Woods County,3763
27,Le Sueur County,28674
27,Lincoln County,5640
27,Lyon County,25269
27,McLeod County,36771
27,Mahnomen County,5411
27,Marshall County,9040
27,Martin County,20025
27,Meeker County,23400
27,Mille Lacs County,26459
27,Morrison County,34010
27,Mower County,40029
27,Murray County,8179
27,Nicollet County,34454
27,Nobles County,22290
27,Norman County,6441
27,Olmsted County,162847
27,Otter Tail County,60081
27,Pennington County,13992
27,Pine County,28876
27,Pipestone County,9424
27,Polk County,31192
27,Pope County,11308
27,Ramsey County,552352
27,Red Lake County,3935
27,Redwood County,15425
27,Renville County,14723
27,Rice County,67097
27,Rock County,9704
27,Roseau County,15331
27,St. Louis County,200231
27,Scott County,150928
27,Sherburne County,97183
27,Sibley County,14836
27,Stearns County,158292
27,Steele County,37406
27,Stevens County,9671
27,Swift County,9838
27,Todd County,25262
27,Traverse County,3360
27,Wabasha County,21387
27,Wadena County,14065
27,Waseca County,18968
27,Washington County,267568
27,Watonwan County,11253
27,Wilkin County,6506
27,Winona County,49671
27,Wright County,141337
27,Yellow Medicine County,9528
28,Adams County,29538
28,Alcorn County,34740
28,Amite County,12720
28,Attala County,17889
28,Benton County,7646
28,Bolivar County,30985
28,Calhoun County,13266
28,Carroll County,9998
28,Chickasaw County,17106
28,Choctaw County,8246
28,Claiborne County,9135
28,Clarke County,15615
28,Clay County,18636
28,Coahoma County,21390
28,Copiah County,28368
28,Covington County,18340
28,DeSoto County,185314
28,Forrest County,78158
28,Franklin County,7675
28,George County,24350
28,Greene County,13530
28,Grenada County,21629
28,Hancock County,46053
28,Harrison County,208621
28,Hinds County,227742
28,Holmes County,17000
28,Humphreys County,7785
28,Issaquena County,1338
28,Itawamba County,23863
28,Jackson County,143252
28,Jasper County,16367
28,Jefferson County,7260
28,Jefferson Davis County,11321
28,Jones County,67246
28,Kemper County,8988
28,Lafayette County,55813
28,Lamar County,64222
28,Lauderdale County,72984
28,Lawrence County,12016
28,Leake County,21275
28,Lee County,83343
28,Leflore County,28339
28,Lincoln County,34907
28,Lowndes County,58879
28,Madison County,109145
28,Marion County,24441
28,Marshall County,33752
28,Monroe County,34180
28,Montgomery County,9822
28,Neshoba County,29087
28,Newton County,21291
28,Noxubee County,10285
28,Oktibbeha County,51788
28,Panola County,33208
28,Pearl River County,56145
28,Perry County,11511
28,Pike County,40324
28,Pontotoc County,31184
28,Prentiss County,25008
28,Quitman County,6176
28,Rankin County,157031
28,Scott County,27990
28,Sharkey County,3800
28,Simpson County,25949
28,Smith County,14209
28,Stone County,18333
28,Sunflower County,25971
28,Tallahatchie County,12715
28,Tate County,28064
28,Tippah County,21815
28,Tishomingo County,18850
28,Tunica County,9782
28,Union County,27777
28,Walthall County,13884
28,Warren County,44722
28,Washington County,44922
28,Wayne County,19779
28,Webster County,9926
28,Wilkinson County,8587
28,Winston County,17714
28,Yalobusha County,12481
28,Yazoo County,26743
29,Adair County,25314
29,Andrew County,18135
29,Atchison County,5305
29,Audrain County,24962
29,Barry County,34534
29,Barton County,11637
29,Bates County,16042
29,Benton County,19394
29,Bollinger County,10567
29,Boone County,183610
29,Buchanan County,84793
29,Butler County,42130
29,Caldwell County,8815
29,Callaway County,44283
29,Camden County,42745
29,Cape Girardeau County,81710
29,Carroll County,8495
29,Carter County,5202
29,Cass County,107824
29,Cedar County,14188
29,Chariton County,7408
29,Christian County,88842
29,Clark County,6634
29,Clay County,253335
29,Clinton County,21184
29,Cole County,77279
29,Cooper County,17103
29,Crawford County,23056
29,Dade County,7569
29,Dallas County,17071
29,Daviess County,8430
29,DeKalb County,11029
29,Dent County,14421
29,Douglas County,11578
29,Dunklin County,28283
29,Franklin County,104682
29,Gasconade County,14794
29,Gentry County,6162
29,Greene County,298915
29,Grundy County,9808
29,Harrison County,8157
29,Henry County,21946
29,Hickory County,8279
29,Holt County,4223
29,Howard County,10151
29,Howell County,39750
29,Iron County,9537
29,Jackson County,717204
29,Jasper County,122761
29,Jefferson County,226739
29,Johnson County,54013
29,Knox County,3744
29,Laclede County,36039
29,Lafayette County,32984
29,Lawrence County,38001
29,Lewis County,10032
29,Lincoln County,59574
29,Linn County,11874
29,Livingston County,14557
29,McDonald County,23303
29,Macon County,15209
29,Madison County,12626
29,Maries County,8432
29,Marion County,28525
29,Mercer County,3538
29,Miller County,24722
29,Mississippi County,12577
29,Moniteau County,15473
29,Monroe County,8666
29,Montgomery County,11322
29,Morgan County,21006
29,New Madrid County,16434
29,Newton County,58648
29,Nodaway County,21241
29,Oregon County,8635
29,Osage County,13274
29,Ozark County,8553
29,Pemiscot County,15661
29,Perry County,18956
29,Pettis County,42980
29,Phelps County,44638
29,Pike County,17587
29,Platte County,106718
29,Polk County,31519
29,Pulaski County,53955
29,Putnam County,4681
29,Ralls County,10355
29,Randolph County,24716
29,Ray County,23158
29,Reynolds County,6096
29,Ripley County,10679
29,St. Charles County,405262
29,St. Clair County,9284
29,Ste. Genevieve County,18479
29,St. Francois County,66922
29,St. Louis County,1004125
29,Saline County,23333
29,Schuyler County,4032
29,Scotland County,4716
29,Scott County,38059
29,Shannon County,7031
29,Shelby County,6103
29,Stoddard County,28672
29,Stone County,31076
29,Sullivan County,5999
29,Taney County,56066
29,Texas County,24487
29,Vernon County,19707
29,Warren County,35532
29,Washington County,23514
29,Wayne County,10974
29,Webster County,39085
29,Worth County,1973
29,Wright County,18188
29,St. Louis city,301578
30,Beaverhead County,9371
30,Big Horn County,13124
30,Blaine County,7044
30,Broadwater County,6774
30,Carbon County,10473
30,Carter County,1415
30,Cascade County,84414
30,Chouteau County,5895
30,Custer County,11867
30,Daniels County,1661
30,Dawson County,8940
30,Deer Lodge County,9421
30,Fallon County,3049
30,Fergus County,11446
30,Flathead County,104357
30,Gallatin County,118960
30,Garfield County,1173
30,Glacier County,13778
30,Golden Valley County,823
30,Granite County,3309
30,Hill County,16309
30,Jefferson County,12085
30,Judith Basin County,2023
30,Lake County,31134
30,Lewis and Clark County,70973
30,Liberty County,1959
30,Lincoln County,19677
30,McCone County,1729
30,Madison County,8623
30,Meagher County,1927
30,Mineral County,4535
30,Missoula County,117922
30,Musselshell County,4730
30,Park County,17191
30,Petroleum County,496
30,Phillips County,4217
30,Pondera County,5898
30,Powder River County,1694
30,Powell County,6946
30,Prairie County,1088
30,Ravalli County,44174
30,Richland County,11491
30,Roosevelt County,10794
30,Rosebud County,8329
30,Sanders County,12400
30,Sheridan County,3539
30,Silver Bow County,35133
30,Stillwater County,8963
30,Sweet Grass County,3678
30,Teton County,6226
30,Toole County,4971
30,Treasure County,762
30,Valley County,7578
30,Wheatland County,2069
30,Wibaux County,937
30,Yellowstone County,164731
31,Adams County,31205
31,Antelope County,6295
31,Arthur County,434
31,Banner County,674
31,Blaine County,431
31,Boone County,5379
31,Box Butte County,10842
31,Boyd County,1810
31,Brown County,2903
31,Buffalo County,50084
31,Burt County,6722
31,Butler County,8369
31,Cass County,26598
31,Cedar County,8380
31,Chase County,3893
31,Cherry County,5455
31,Cheyenne County,9468
31,Clay County,6104
31,Colfax County,10582
31,Cuming County,9013
31,Custer County,10545
31,Dakota County,21582
31,Dawes County,8199
31,Dawson County,24111
31,Deuel County,1838
31,Dixon County,5606
31,Dodge County,37167
31,Douglas County,584526
31,Dundy County,1654
31,Fillmore County,5551
31,Franklin County,2889
31,Frontier County,2519
31,Furnas County,4636
31,Gage County,21704
31,Garden County,1874
31,Garfield County,1813
31,Gosper County,1893
31,Grant County,611
31,Greeley County,2188
31,Hall County,62895
31,Hamilton County,9429
31,Harlan County,3073
31,Hayes County,856
31,Hitchcock County,2616
31,Holt County,10127
31,Hooker County,711
31,Howard County,6475
31,Jefferson County,7240
31,Johnson County,5290
31,Kearney County,6688
31,Keith County,8335
31,Keya Paha County,769
31,Kimball County,3434
31,Knox County,8391
31,Lancaster County,322608
31,Lincoln County,34676
31,Logan County,716
31,Loup County,607
31,McPherson County,399
31,Madison County,35585
31,Merrick County,7668
31,Morrill County,4555
31,Nance County,3380
31,Nemaha County,7074
31,Nuckolls County,4095
31,Otoe County,15912
31,Pawnee County,2544
31,Perkins County,2858
31,Phelps County,8968
31,Pierce County,7317
31,Platte County,34296
31,Polk County,5214
31,Red Willow County,10702
31,Richardson County,7871
31,Rock County,1262
31,Saline County,14292
31,Sarpy County,190604
31,Saunders County,22278
31,Scotts Bluff County,36084
31,Seward County,17609
31,Sheridan County,5127
31,Sherman County,2959
31,Sioux County,1135
31,Stanton County,5842
31,Thayer County,5034
31,Thomas County,669
31,Thurston County,6773
31,Valley County,4059
31,Washington County,20865
31,Wayne County,9697
31,Webster County,3395
31,Wheeler County,774
31,York County,14125
32,Churchill County,25516
32,Clark County,2265461
32,Douglas County,49488
32,Elko County,53702
32,Esmeralda County,729
32,Eureka County,1855
32,Humboldt County,17285
32,Lander County,5734
32,Lincoln County,4499
32,Lyon County,59235
32,Mineral County,4554
32,Nye County,51591
32,Pershing County,6650
32,Storey County,4104
32,Washoe County,486492
32,White Pine County,9080
32,Carson City,58639
33,Belknap County,63705
33,Carroll County,50107
33,Cheshire County,76458
33,Coos County,31268
33,Grafton County,91118
33,Hillsborough County,422937
33,Merrimack County,153808
33,Rockingham County,314176
33,Strafford County,130889
33,Sullivan County,43063
34,Atlantic County,274534
34,Bergen County,955732
34,Burlington County,461860
34,Camden County,523485
34,Cape May County,95263
34,Cumberland County,154152
34,Essex County,863728
34,Gloucester County,302294
34,Hudson County,724854
34,Hunterdon County,128947
34,Mercer County,387340
34,Middlesex County,863162
34,Monmouth County,643615
34,Morris County,509285
34,Ocean County,637229
34,Passaic County,524118
34,Salem County,64837
34,Somerset County,345361
34,Sussex County,144221
34,Union County,575345
34,Warren County,109632
35,Bernalillo County,676444
35,Catron County,3579
35,Chaves County,65157
35,Cibola County,27172
35,Colfax County,12387
35,Curry County,48430
35,De Baca County,1698
35,Doña Ana County,219561
35,Eddy County,62314
35,Grant County,28185
35,Guadalupe County,4452
35,Harding County,657
35,Hidalgo County,4178
35,Lea County,74455
35,Lincoln County,20269
35,Los Alamos County,19419
35,Luna County,25427
35,McKinley County,72902
35,Mora County,4189
35,Otero County,67839
35,Quay County,8746
35,Rio Arriba County,40363
35,Roosevelt County,19191
35,Sandoval County,148834
35,San Juan County,121661
35,San Miguel County,27201
35,Santa Fe County,154823
35,Sierra County,11576
35,Socorro County,16595
35,Taos County,34489
35,Torrance County,15045
35,Union County,4079
35,Valencia County,76205
36,Albany County,314848
36,Allegany County,46456
36,Bronx County,1472654
36,Broome County,198683
36,Cattaraugus County,77042
36,Cayuga County,76248
36,Chautauqua County,127657
36,Chemung County,84148
36,Chenango County,47220
36,Clinton County,79843
36,Columbia County,61570
36,Cortland County,46809
36,Delaware County,44308
36,Dutchess County,295911
36,Erie County,954236
36,Essex County,37381
36,Franklin County,47555
36,Fulton County,53324
36,Genesee County,58388
36,Greene County,47931
36,Hamilton County,5107
36,Herkimer County,60139
36,Jefferson County,116721
36,Kings County,2736074
36,Lewis County,26582
36,Livingston County,61834
36,Madison County,68016
36,Monroe County,759443
36,Montgomery County,49532
36,Nassau County,1395774
36,New York County,1694251
36,Niagara County,212666
36,Oneida County,232125
36,Onondaga County,476516
36,Ontario County,112458
36,Orange County,401310
36,Orleans County,40343
36,Oswego County,117525
36,Otsego County,58524
36,Putnam County,97668
36,Queens County,2405464
36,Rensselaer County,161130
36,Richmond County,495747
36,Rockland County,338329
36,St. Lawrence County,108505
36,Saratoga County,235509
36,Schenectady County,158061
36,Schoharie County,29714
36,Schuyler County,17898
36,Seneca County,33814
36,Steuben County,93584
36,Suffolk County,1525920
36,Sullivan County,78624
36,Tioga County,48455
36,Tompkins County,105740
36,Ulster County,181851
36,Warren County,65737
36,Washington County,61302
36,Wayne County,91283
36,Westchester County,1004457
36,Wyoming County,40531
36,Yates County,24774
37,Alamance County,171415
37,Alexander County,36444
37,Alleghany County,10888
37,Anson County,22055
37,Ashe County,26577
37,Avery County,17806
37,Beaufort County,44652
37,Bertie County,17934
37,Bladen County,29606
37,Brunswick County,136693
37,Buncombe County,269452
37,Burke County,87570
37,Cabarrus County,225804
37,Caldwell County,80652
37,Camden County,10355
37,Carteret County,67686
37,Caswell County,22736
37,Catawba County,160610
37,Chatham County,76285
37,Cherokee County,28774
37,Chowan County,13708
37,Clay County,11089
37,Cleveland County,99519
37,Columbus County,50623
37,Craven County,100720
37,Cumberland County,334728
37,Currituck County,28100
37,Dare County,36915
37,Davidson County,168930
37,Davie County,42712
37,Duplin County,48715
37,Durham County,324833
37,Edgecombe County,48900
37,Forsyth County,382590
37,Franklin County,68573
37,Gaston County,227943
37,Gates County,10478
37,Graham County,8030
37,Granville County,60992
37,Greene County,20451
37,Guilford County,541299
37,Halifax County,48622
37,Harnett County,133568
37,Haywood County,62089
37,Henderson County,116281
37,Hertford County,21552
37,Hoke County,52082
37,Hyde County,4589
37,Iredell County,186693
37,Jackson County,43109
37,Johnston County,215999
37,Jones County,9172
37,Lee County,63285
37,Lenoir County,55122
37,Lincoln County,86810
37,McDowell County,44578
37,Macon County,37014
37,Madison County,21193
37,Martin County,22031
37,Mecklenburg County,1115482
37,Mitchell County,14903
37,Montgomery County,25751
37,Moore County,99727
37,Nash County,94970
37,New Hanover County,225702
37,Northampton County,17471
37,Onslow County,204576
37,Orange County,148696
37,Pamlico County,12276
37,Pasquotank County,40568
37,Pender County,60203
37,Perquimans County,13005
37,Person County,39097
37,Pitt County,170243
37,Polk County,19328
37,Randolph County,144171
37,Richmond County,42946
37,Robeson County,116530
37,Rockingham County,91096
37,Rowan County,146875
37,Rutherford County,64444
37,Sampson County,59036
37,Scotland County,34174
37,Stanly County,62504
37,Stokes County,44520
37,Surry County,71359
37,Swain County,14117
37,Transylvania County,32986
37,Tyrrell County,3245
37,Union County,238267
37,Vance County,42578
37,Wake County,1129410
37,Warren County,18642
37,Washington County,11003
37,Watauga County,54086
37,Wayne County,117333
37,Wilkes County,65969
37,Wilson County,78784
37,Yadkin County,37214
37,Yancey County,18470
38,Adams County,2200
38,Barnes County,10853
38,Benson County,5964
38,Billings County,945
38,Bottineau County,6379
38,Bowman County,2993
38,Burke County,2201
38,Burleigh County,98458
38,Cass County,184525
38,Cavalier County,3704
38,Dickey County,4999
38,Divide County,2195
38,Dunn County,4095
38,Eddy County,2347
38,Emmons County,3301
38,Foster County,3397
38,Golden Valley County,1736
38,Grand Forks County,73170
38,Grant County,2301
38,Griggs County,2306
38,Hettinger County,2489
38,Kidder County,2394
38,LaMoure County,4093
38,Logan County,1876
38,McHenry County,5345
38,McIntosh County,2530
38,McKenzie County,14704
38,McLean County,9771
38,Mercer County,8350
38,Morton County,33291
38,Mountrail County,9809
38,Nelson County,3015
38,Oliver County,1877
38,Pembina County,6844
38,Pierce County,3990
38,Ramsey County,11605
38,Ransom County,5703
38,Renville County,2282
38,Richland County,16529
38,Rolette County,12187
38,Sargent County,3862
38,Sheridan County,1265
38,Sioux County,3898
38,Slope County,706
38,Stark County,33646
38,Steele County,1798
38,Stutsman County,21593
38,Towner County,2162
38,Traill County,7997
38,Walsh County,10563
38,Ward County,69919
38,Wells County,3982
38,Williams County,40950
39,Adams County,27477
39,Allen County,102206
39,Ashland County,52447
39,Ashtabula County,97574
39,Athens County,62431
39,Auglaize County,46422
39,Belmont County,66497
39,Brown County,43676
39,Butler County,390357
39,Carroll County,26721
39,Champaign County,38714
39,Clark County,136001
39,Clermont County,208601
39,Clinton County,42018
39,Columbiana County,101877
39,Coshocton County,36612
39,Crawford County,42025
39,Cuyahoga County,1264817
39,Darke County,51881
39,Defiance County,38286
39,Delaware County,214124
39,Erie County,75622
39,Fairfield County,158921
39,Fayette County,28951
39,Franklin County,1323807
39,Fulton County,42713
39,Gallia County,29220
39,Geauga County,95397
39,Greene County,167966
39,Guernsey County,38438
39,Hamilton County,830639
39,Hancock County,74920
39,Hardin County,30696
39,Harrison County,14483
39,Henry County,27662
39,Highland County,43317
39,Hocking County,28050
39,Holmes County,44223
39,Huron County,58565
39,Jackson County,32653
39,Jefferson County,65249
39,Knox County,62721
39,Lake County,232603
39,Lawrence County,58240
39,Licking County,178519
39,Logan County,46150
39,Lorain County,312964
39,Lucas County,431279
39,Madison County,43824
39,Mahoning County,228614
39,Marion County,65359
39,Medina County,182470
39,Meigs County,22210
39,Mercer County,42528
39,Miami County,108774
39,Monroe County,13385
39,Montgomery County,537309
39,Morgan County,13802
39,Morrow County,34950
39,Muskingum County,86410
39,Noble County,14115
39,Ottawa County,40364
39,Paulding County,18806
39,Perry County,35408
39,Pickaway County,58539
39,Pike County,27088
39,Portage County,161791
39,Preble County,40999
39,Putnam County,34451
39,Richland County,124936
39,Ross County,77093
39,Sandusky County,58896
39,Scioto County,74008
39,Seneca County,55069
39,Shelby County,48230
39,Stark County,374853
39,Summit County,540428
39,Trumbull County,201977
39,Tuscarawas County,93263
39,Union County,62784
39,Van Wert County,28931
39,Vinton County,12800
39,Warren County,242337
39,Washington County,59771
39,Wayne County,116894
39,Williams County,37102
39,Wood County,132248
39,Wyandot County,21900
40,Adair County,19495
40,Alfalfa County,5699
40,Atoka County,14143
40,Beaver County,5049
40,Beckham County,22410
40,Blaine County,8735
40,Bryan County,46067
40,Caddo County,26945
40,Canadian County,154405
40,Carter County,48003
40,Cherokee County,47078
40,Choctaw County,14204
40,Cimarron County,2296
40,Cleveland County,295528
40,Coal County,5266
40,Comanche County,121125
40,Cotton County,5527
40,Craig County,14107
40,Creek County,71754
40,Custer County,28513
40,Delaware County,40397
40,Dewey County,4484
40,Ellis County,3749
40,Garfield County,62846
40,Garvin County,25656
40,Grady County,54795
40,Grant County,4169
40,Greer County,5491
40,Harmon County,2488
40,Harper County,3272
40,Haskell County,11561
40,Hughes County,13367
40,Jackson County,24785
40,Jefferson County,5337
40,Johnston County,10272
40,Kay County,43700
40,Kingfisher County,15184
40,Kiowa County,8509
40,Latimer County,9444
40,Le Flore County,48129
40,Lincoln County,33458
40,Logan County,49555
40,Love County,10146
40,McClain County,41662
40,McCurtain County,30814
40,McIntosh County,18941
40,Major County,7782
40,Marshall County,15312
40,Mayes County,39046
40,Murray County,13904
40,Muskogee County,66339
40,Noble County,10924
40,Nowata County,9320
40,Okfuskee County,11310
40,Oklahoma County,796292
40,Okmulgee County,36706
40,Osage County,45818
40,Ottawa County,30285
40,Pawnee County,15553
40,Payne County,81646
40,Pittsburg County,43773
40,Pontotoc County,38065
40,Pottawatomie County,72454
40,Pushmataha County,10812
40,Roger Mills County,3442
40,Rogers County,95240
40,Seminole County,23556
40,Sequoyah County,39281
40,Stephens County,42848
40,Texas County,21384
40,Tillman County,6968
40,Tulsa County,669279
40,Wagoner County,80981
40,Washington County,52455
40,Washita County,10924
40,Woods County,8624
40,Woodward County,20470
41,Baker County,16668
41,Benton County,95184
41,Clackamas County,421401
41,Clatsop County,41072
41,Columbia County,52589
41,Coos County,64929
41,Crook County,24738
41,Curry County,23446
41,Deschutes County,198253
41,Douglas County,111201
41,Gilliam County,1995
41,Grant County,7233
41,Harney County,7495
41,Hood River County,23977
41,Jackson County,223259
41,Jefferson County,24502
41,Josephine County,88090
41,Klamath County,69413
41,Lake County,8160
41,Lane County,382971
41,Lincoln County,50395
41,Linn County,128610
41,Malheur County,31571
41,Marion County,345920
41,Morrow County,12186
41,Multnomah County,815428
41,Polk County,87433
41,Sherman County,1870
41,Tillamook County,27390
41,Umatilla County,80075
41,Union County,26196
41,Wallowa County,7391
41,Wasco County,26670
41,Washington County,600372
41,Wheeler County,1451
41,Yamhill County,107722
42,Adams County,103852
42,Allegheny County,1250578
42,Armstrong County,65558
42,Beaver County,168215
42,Bedford County,47577
42,Berks County,428849
42,Blair County,122822
42,Bradford County,59967
42,Bucks County,646538
42,Butler County,193763
42,Cambria County,133472
42,Cameron County,4547
42,Carbon County,64749
42,Centre County,158172
42,Chester County,534413
42,Clarion County,37241
42,Clearfield County,80562
42,Clinton County,37450
42,Columbia County,64727
42,Crawford County,83938
42,Cumberland County,259469
42,Dauphin County,286401
42,Delaware County,576830
42,Elk County,30990
42,Erie County,270876
42,Fayette County,128804
42,Forest County,6973
42,Franklin County,155932
42,Fulton County,14556
42,Greene County,35954
42,Huntingdon County,44092
42,Indiana County,83246
42,Jefferson County,44492
42,Juniata County,23509
42,Lackawanna County,215896
42,Lancaster County,552984
42,Lawrence County,86070
42,Lebanon County,143257
42,Lehigh County,374557
42,Luzerne County,325594
42,Lycoming County,114188
42,McKean County,40432
42,Mercer County,110652
42,Mifflin County,46143
42,Monroe County,168327
42,Montgomery County,856553
42,Montour County,18136
42,Northampton County,312951
42,Northumberland County,91647
42,Perry County,45842
42,Philadelphia County,1603797
42,Pike County,58535
42,Potter County,16396
42,Schuylkill County,143049
42,Snyder County,39736
42,Somerset County,74129
42,Sullivan County,5840
42,Susquehanna County,38434
42,Tioga County,41045
42,Union County,42681
42,Venango County,50454
42,Warren County,38587
42,Washington County,209349
42,Wayne County,51155
42,Westmoreland County,354663
42,Wyoming County,26069
42,York County,456438
44,Bristol County,50793
44,Kent County,170363
44,Newport County,85643
44,Providence County,660741
44,Washington County,129839
45,Abbeville County,24295
45,Aiken County,168808
45,Allendale County,8039
45,Anderson County,203718
45,Bamberg County,13311
45,Barnwell County,20589
45,Beaufort County,187117
45,Berkeley County,229861
45,Calhoun County,14119
45,Charleston County,408235
45,Cherokee County,56216
45,Chester County,32294
45,Chesterfield County,43273
45,Clarendon County,31144
45,Colleton County,38604
45,Darlington County,62905
45,Dillon County,28292
45,Dorchester County,161540
45,Edgefield County,25657
45,Fairfield County,20948
45,Florence County,137059
45,Georgetown County,63404
45,Greenville County,525534
45,Greenwood County,69351
45,Hampton County,18561
45,Horry County,351029
45,Jasper County,28791
45,Kershaw County,65403
45,Lancaster County,96016
45,Laurens County,67539
45,Lee County,16531
45,Lexington County,293991
45,McCormick County,9526
45,Marion County,29183
45,Marlboro County,26667
45,Newberry County,37719
45,Oconee County,78607
45,Orangeburg County,84223
45,Pickens County,131404
45,Richland County,416147
45,Saluda County,18862
45,Spartanburg County,327997
45,Sumter County,105556
45,Union County,27244
45,Williamsburg County,31026
45,York County,282090
46,Aurora County,2747
46,Beadle County,19149
46,Bennett County,3381
46,Bon Homme County,7003
46,Brookings County,34375
46,Brown County,38301
46,Brule County,5247
46,Buffalo County,1948
46,Butte County,10243
46,Campbell County,1377
46,Charles Mix County,9373
46,Clark County,3837
46,Clay County,14967
46,Codington County,28325
46,Corson County,3902
46,Custer County,8318
46,Davison County,19956
46,Day County,5449
46,Deuel County,4295
46,Dewey County,5239
46,Douglas County,2835
46,Edmunds County,3986
46,Fall River County,6973
46,Faulk County,2125
46,Grant County,7556
46,Gregory County,3994
46,Haakon County,1872
46,Hamlin County,6164
46,Hand County,3145
46,Hanson County,3461
46,Harding County,1311
46,Hughes County,17765
46,Hutchinson County,7427
46,Hyde County,1262
46,Jackson County,2806
46,Jerauld County,1663
46,Jones County,917
46,Kingsbury County,5187
46,Lake County,11059
46,Lawrence County,25768
46,Lincoln County,65161
46,Lyman County,3718
46,McCook County,5682
46,McPherson County,2411
46,Marshall County,4306
46,Meade County,29852
46,Mellette County,1918
46,Miner County,2298
46,Minnehaha County,197214
46,Moody County,6336
46,Oglala Lakota County,13672
46,Pennington County,109222
46,Perkins County,2835
46,Potter County,2472
46,Roberts County,10280
46,Sanborn County,2330
46,Spink County,6361
46,Stanley County,2980
46,Sully County,1446
46,Todd County,9319
46,Tripp County,5624
46,Turner County,8673
46,Union County,16811
46,Walworth County,5315
46,Yankton County,23310
46,Ziebach County,2413
47,Anderson County,77123
47,Bedford County,50237
47,Benton County,15864
47,Bledsoe County,14913
47,Blount County,135280
47,Bradley County,108620
47,Campbell County,39272
47,Cannon County,14506
47,Carroll County,28440
47,Carter County,56356
47,Cheatham County,41072
47,Chester County,17341
47,Claiborne County,32043
47,Clay County,7581
47,Cocke County,35999
47,Coffee County,57889
47,Crockett County,13911
47,Cumberland County,61145
47,Davidson County,715884
47,Decatur County,11435
47,DeKalb County,20080
47,Dickson County,54315
47,Dyer County,36801
47,Fayette County,41990
47,Fentress County,18489
47,Franklin County,42774
47,Gibson County,50429
47,Giles County,30346
47,Grainger County,23527
47,Greene County,70152
47,Grundy County,13529
47,Hamblen County,64499
47,Hamilton County,366207
47,Hancock County,6662
47,Hardeman County,25462
47,Hardin County,26831
47,Hawkins County,56721
47,Haywood County,17864
47,Henderson County,27842
47,Henry County,32199
47,Hickman County,24925
47,Houston County,8283
47,Humphreys County,18990
47,Jackson County,11617
47,Jefferson County,54683
47,Johnson County,17948
47,Knox County,478971
47,Lake County,7005
47,Lauderdale County,25143
47,Lawrence County,44159
47,Lewis County,12582
47,Lincoln County,35319
47,Loudon County,54886
47,McMinn County,53276
47,McNairy County,25866
47,Macon County,25216
47,Madison County,98823
47,Marion County,28837
47,Marshall County,34318
47,Maury County,100974
47,Meigs County,12758
47,Monroe County,46250
47,Montgomery County,220069
47,Moore County,6461
47,Morgan County,21035
47,Obion County,30787
47,Overton County,22511
47,Perry County,8366
47,Pickett County,5001
47,Polk County,17544
47,Putnam County,79854
47,Rhea County,32870
47,Roane County,53404
47,Robertson County,72803
47,Rutherford County,341486
47,Scott County,21850
47,Sequatchie County,15826
47,Sevier County,98380
47,Shelby County,929744
47,Smith County,19904
47,Stewart County,13657
47,Sullivan County,158163
47,Sumner County,196281
47,Tipton County,60970
47,Trousdale County,11615
47,Unicoi County,17928
47,Union County,19802
47,Van Buren County,6168
47,Warren County,40953
47,Washington County,133001
47,Wayne County,16232
47,Weakley County,32902
47,White County,27351
47,Williamson County,247726
47,Wilson County,147737
48,Anderson County,57922
48,Andrews County,18610
48,Angelina County,86395
48,Aransas County,23830
48,Archer County,8560
48,Armstrong County,1848
48,Atascosa County,48981
48,Austin County,30167
48,Bailey County,6904
48,Bandera County,20851
48,Bastrop County,97216
48,Baylor County,3465
48,Bee County,31047
48,Bell County,370647
48,Bexar County,2009324
48,Blanco County,11374
48,Borden County,631
48,Bosque County,18235
48,Bowie County,92893
48,Brazoria County,372031
48,Brazos County,233849
48,Brewster County,9546
48,Briscoe County,1435
48,Brooks County,7076
48,Brown County,38095
48,Burleson County,17642
48,Burnet County,49130
48,Caldwell County,45883
48,Calhoun County,20106
48,Callahan County,13708
48,Cameron County,421017
48,Camp County,12464
48,Carson County,5807
48,Cass County,28454
48,Castro County,7371
48,Chambers County,46571
48,Cherokee County,50412
48,Childress County,6664
48,Clay County,10218
48,Cochran County,2547
48,Coke County,3285
48,Coleman County,7684
48,Collin County,1064465
48,Collingsworth County,2652
48,Colorado County,20557
48,Comal County,161501
48,Comanche County,13594
48,Concho County,3303
48,Cooke County,41668
48,Coryell County,83093
48,Cottle County,1380
48,Crane County,4675
48,Crockett County,3098
48,Crosby County,5133
48,Culberson County,2188
48,Dallam County,7115
48,Dallas County,2613539
48,Dawson County,12456
48,Deaf Smith County,18583
48,Delta County,5230
48,Denton County,906422
48,DeWitt County,19824
48,Dickens County,1770
48,Dimmit County,8615
48,Donley County,3258
48,Duval County,9831
48,Eastland County,17725
48,Ector County,165171
48,Edwards County,1422
48,Ellis County,192455
48,El Paso County,865657
48,Erath County,42545
48,Falls County,16968
48,Fannin County,35662
48,Fayette County,24435
48,Fisher County,3672
48,Floyd County,5402
48,Foard County,1095
48,Fort Bend County,822779
48,Franklin County,10359
48,Freestone County,19435
48,Frio County,18385
48,Gaines County,21598
48,Galveston County,350682
48,Garza County,5816
48,Gillespie County,26725
48,Glasscock County,1116
48,Goliad County,7012
48,Gonzales County,19653
48,Gray County,21227
48,Grayson County,135543
48,Gregg County,124239
48,Grimes County,29268
48,Guadalupe County,172706
48,Hale County,32522
48,Hall County,2825
48,Hamilton County,8222
48,Hansford County,5285
48,Hardeman County,3549
48,Hardin County,56231
48,Harris County,4731145
48,Harrison County,68839
48,Hartley County,5382
48,Haskell County,5416
48,Hays County,241067
48,Hemphill County,3382
48,Henderson County,82150
48,Hidalgo County,870781
48,Hill County,35874
48,Hockley County,21537
48,Hood County,61598
48,Hopkins County,36787
48,Houston County,22066
48,Howard County,34860
48,Hudspeth County,3202
48,Hunt County,99956
48,Hutchinson County,20617
48,Irion County,1513
48,Jack County,8472
48,Jackson County,14988
48,Jasper County,32980
48,Jeff Davis County,1996
48,Jefferson County,256526
48,Jim Hogg County,4838
48,Jim Wells County,38891
48,Johnson County,179927
48,Jones County,19663
48,Karnes County,14710
48,Kaufman County,145310
48,Kendall County,44279
48,Kenedy County,350
48,Kent County,753
48,Kerr County,52598
48,Kimble County,4286
48,King County,265
48,Kinney County,3129
48,Kleberg County,31040
48,Knox County,3353
48,Lamar County,50088
48,Lamb County,13045
48,Lampasas County,21627
48,La Salle County,6664
48,Lavaca County,20337
48,Lee County,17478
48,Leon County,15719
48,Liberty County,91628
48,Limestone County,22146
48,Lipscomb County,3059
48,Live Oak County,11335
48,Llano County,21243
48,Loving County,64
48,Lubbock County,310639
48,Lynn County,5596
48,McCulloch County,7630
48,McLennan County,260579
48,McMullen County,600
48,Madison County,13455
48,Marion County,9725
48,Martin County,5237
48,Mason County,3953
48,Matagorda County,36255
48,Maverick County,57887
48,Medina County,50748
48,Menard County,1962
48,Midland County,169983
48,Milam County,24754
48,Mills County,4456
48,Mitchell County,8990
48,Montague County,19965
48,Montgomery County,620443
48,Moore County,21358
48,Morris County,11973
48,Motley County,1063
48,Nacogdoches County,64653
48,Navarro County,52624
48,Newton County,12217
48,Nolan County,14738
48,Nueces County,353178
48,Ochiltree County,10015
48,Oldham County,1758
48,Orange County,84808
48,Palo Pinto County,28409
48,Panola County,22491
48,Parker County,148222
48,Parmer County,9869
48,Pecos County,15193
48,Polk County,50123
48,Potter County,118525
48,Presidio County,6131
48,Rains County,12164
48,Randall County,140753
48,Reagan County,3385
48,Real County,2758
48,Red River County,11587
48,Reeves County,14748
48,Refugio County,6741
48,Roberts County,827
48,Robertson County,16757
48,Rockwall County,107819
48,Runnels County,9900
48,Rusk County,52214
48,Sabine County,9894
48,San Augustine County,7918
48,San Jacinto County,27402
48,San Patricio County,68755
48,San Saba County,5730
48,Schleicher County,2451
48,Scurry County,16932
48,Shackelford County,3105
48,Shelby County,24022
48,Sherman County,2782
48,Smith County,233479
48,Somervell County,9205
48,Starr County,65920
48,Stephens County,9101
48,Sterling County,1372
48,Stonewall County,1245
48,Sutton County,3372
48,Swisher County,6971
48,Tarrant County,2110640
48,Taylor County,143208
48,Terrell County,760
48,Terry County,11831
48,Throckmorton County,1440
48,Titus County,31247
48,Tom Green County,120003
48,Travis County,1290188
48,Trinity County,13602
48,Tyler County,19798
48,Upshur County,40892
48,Upton County,3308
48,Uvalde County,24564
48,Val Verde County,47586
48,Van Zandt County,59541
48,Victoria County,91319
48,Walker County,76400
48,Waller County,56794
48,Ward County,11644
48,Washington County,35805
48,Webb County,267114
48,Wharton County,41570
48,Wheeler County,4990
48,Wichita County,129350
48,Wilbarger County,12887
48,Willacy County,20164
48,Williamson County,609017
48,Wilson County,49753
48,Winkler County,7791
48,Wise County,68632
48,Wood County,44843
48,Yoakum County,7694
48,Young County,17867
48,Zapata County,13889
48,Zavala County,9670
49,Beaver County,7072
49,Box Elder County,57666
49,Cache County,133154
49,Carbon County,20412
49,Daggett County,935
49,Davis County,362679
49,Duchesne County,19596
49,Emery County,9825
49,Garfield County,5083
49,Grand County,9669
49,Iron County,57289
49,Juab County,11786
49,Kane County,7667
49,Millard County,12975
49,Morgan County,12295
49,Piute County,1438
49,Rich County,2510
49,Salt Lake County,1185238
49,San Juan County,14518
49,Sanpete County,28437
49,Sevier County,21522
49,Summit County,42357
49,Tooele County,72698
49,Uintah County,35620
49,Utah County,659399
49,Wasatch County,34788
49,Washington County,180279
49,Wayne County,2486
49,Weber County,262223
50,Addison County,37363
50,Bennington County,37347
50,Caledonia County,30233
50,Chittenden County,168323
50,Essex County,5920
50,Franklin County,49946
50,Grand Isle County,7293
50,Lamoille County,25945
50,Orange County,29277
50,Orleans County,27393
50,Rutland County,60572
50,Washington County,59807
50,Windham County,45905
50,Windsor County,57753
51,Accomack County,33413
51,Albemarle County,112395
51,Alleghany County,15223
51,Amelia County,13265
51,Amherst County,31307
51,Appomattox County,16119
51,Arlington County,238643
51,Augusta County,77487
51,Bath County,4209
51,Bedford County,79462
51,Bland County,6270
51,Botetourt County,33596
51,Brunswick County,15849
51,Buchanan County,20355
51,Buckingham County,16824
51,Campbell County,55696
51,Caroline County,30887
51,Carroll County,29155
51,Charles City County,6773
51,Charlotte County,11529
51,Chesterfield County,364548
51,Clarke County,14783
51,Craig County,4892
51,Culpeper County,52552
51,Cumberland County,9675
51,Dickenson County,14124
51,Dinwiddie County,27947
51,Essex County,10599
51,Fairfax County,1150309
51,Fauquier County,72972
51,Floyd County,15476
51,Fluvanna County,27249
51,Franklin County,54477
51,Frederick County,91419
51,Giles County,16787
51,Gloucester County,38711
51,Goochland County,24727
51,Grayson County,15333
51,Greene County,20552
51,Greensville County,11391
51,Halifax County,34022
51,Hanover County,109979
51,Henrico County,334389
51,Henry County,50948
51,Highland County,2232
51,Isle of Wight County,38606
51,James City County,78254
51,King and Queen County,6608
51,King George County,26723
51,King William County,17810
51,Lancaster County,10919
51,Lee County,22173
51,Loudoun County,420959
51,Louisa County,37596
51,Lunenburg County,11936
51,Madison County,13837
51,Mathews County,8533
51,Mecklenburg County,30319
51,Middlesex County,10625
51,Montgomery County,99721
51,Nelson County,14775
51,New Kent County,22945
51,Northampton County,12282
51,Northumberland County,11839
51,Nottoway County,15642
51,Orange County,36254
51,Page County,23709
51,Patrick County,17608
51,Pittsylvania County,60501
51,Powhatan County,30333
51,Prince Edward County,21849
51,Prince George County,43010
51,Prince William County,482204
51,Pulaski County,33800
51,Rappahannock County,7348
51,Richmond County,8923
51,Roanoke County,96929
51,Rockbridge County,22650
51,Rockingham County,83757
51,Russell County,25781
51,Scott County,21576
51,Shenandoah County,44186
51,Smyth County,29800
51,Southampton County,17996
51,Spotsylvania County,140032
51,Stafford County,156927
51,Surry County,6561
51,Sussex County,10829
51,Tazewell County,40429
51,Warren County,40727
51,Washington County,53935
51,Westmoreland County,18477
51,Wise County,36130
51,Wythe County,28290
51,York County,70045
51,Alexandria city,159467
51,Bristol city,17219
51,Buena Vista city,6641
51,Charlottesville city,46553
51,Chesapeake city,249422
51,Colonial Heights city,18170
51,Covington city,5737
51,Danville city,42590
51,Emporia city,5766
51,Fairfax city,24146
51,Falls Church city,14658
51,Franklin city,8180
51,Fredericksburg city,27982
51,Galax city,6720
51,Hampton city,137148
51,Harrisonburg city,51814
51,Hopewell city,23033
51,Lexington city,7320
51,Lynchburg city,79009
51,Manassas city,42772
51,Manassas Park city,17219
51,Martinsville city,13485
51,Newport News city,186247
51,Norfolk city,238005
51,Norton city,3687
51,Petersburg city,33458
51,Poquoson city,12460
51,Portsmouth city,97915
51,Radford city,16070
51,Richmond city,226610
51,Roanoke city,100011
51,Salem city,25346
51,Staunton city,25750
51,Suffolk city,94324
51,Virginia Beach city,459470
51,Waynesboro city,22196
51,Williamsburg city,15425
51,Winchester city,28120
53,Adams County,20613
53,Asotin County,22285
53,Benton County,206873
53,Chelan County,79074
53,Clallam County,77155
53,Clark County,503311
53,Columbia County,3952
53,Cowlitz County,110730
53,Douglas County,42938
53,Ferry County,7178
53,Franklin County,96749
53,Garfield County,2286
53,Grant County,99123
53,Grays Harbor County,75636
53,Island County,86857
53,Jefferson County,32977
53,King County,2269675
53,Kitsap County,275611
53,Kittitas County,44337
53,Klickitat County,22735
53,Lewis County,82149
53,Lincoln County,10876
53,Mason County,65726
53,Okanogan County,42104
53,Pacific County,23365
53,Pend Oreille County,13401
53,Pierce County,921130
53,San Juan County,17788
53,Skagit County,129523
53,Skamania County,12036
53,Snohomish County,827957
53,Spokane County,539339
53,Stevens County,46445
53,Thurston County,294793
53,Wahkiakum County,4422
53,Walla Walla County,62584
53,Whatcom County,226847
53,Whitman County,47973
53,Yakima County,256728
54,Barbour County,15465
54,Berkeley County,122076
54,Boone County,21809
54,Braxton County,12447
54,Brooke County,22559
54,Cabell County,94350
54,Calhoun County,6229
54,Clay County,8051
54,Doddridge County,7808
54,Fayette County,40488
54,Gilmer County,7408
54,Grant County,10976
54,Greenbrier County,32977
54,Hampshire County,23093
54,Hancock County,29095
54,Hardy County,14299
54,Harrison County,65921
54,Jackson County,27791
54,Jefferson County,57701
54,Kanawha County,180745
54,Lewis County,17033
54,Lincoln County,20463
54,Logan County,32567
54,McDowell County,19111
54,Marion County,56205
54,Marshall County,30591
54,Mason County,25453
54,Mercer County,59664
54,Mineral County,26938
54,Mingo County,23568
54,Monongalia County,105822
54,Monroe County,12376
54,Morgan County,17063
54,Nicholas County,24604
54,Ohio County,42425
54,Pendleton County,6143
54,Pleasants County,7653
54,Pocahontas County,7869
54,Preston County,34216
54,Putnam County,57440
54,Raleigh County,74591
54,Randolph County,27932
54,Ritchie County,8444
54,Roane County,14028
54,Summers County,11959
54,Taylor County,16705
54,Tucker County,6762
54,Tyler County,8313
54,Upshur County,23816
54,Wayne County,38982
54,Webster County,8378
54,Wetzel County,14442
54,Wirt County,5194
54,Wood County,84296
54,Wyoming County,21382
55,Adams County,20654
55,Ashland County,16027
55,Barron County,46711
55,Bayfield County,16220
55,Brown County,268740
55,Buffalo County,13317
55,Burnett County,16526
55,Calumet County,52442
55,Chippewa County,66297
55,Clark County,34659
55,Columbia County,58490
55,Crawford County,16113
55,Dane County,561504
55,Dodge County,89396
55,Door County,30066
55,Douglas County,44295
55,Dunn County,45440
55,Eau Claire County,105710
55,Florence County,4558
55,Fond du Lac County,104154
55,Forest County,9179
55,Grant County,51938
55,Green County,37093
55,Green Lake County,19018
55,Iowa County,23709
55,Iron County,6137
55,Jackson County,21145
55,Jefferson County,84900
55,Juneau County,26718
55,Kenosha County,169151
55,Kewaunee County,20563
55,La Crosse County,120784
55,Lafayette County,16611
55,Langlade County,19491
55,Lincoln County,28415
55,Manitowoc County,81359
55,Marathon County,138013
55,Marinette County,41872
55,Marquette County,15592
55,Menominee County,4255
55,Milwaukee County,939489
55,Monroe County,46274
55,Oconto County,38965
55,Oneida County,37845
55,Outagamie County,190705
55,Ozaukee County,91503
55,Pepin County,7318
55,Pierce County,42212
55,Polk County,44977
55,Portage County,70377
55,Price County,14054
55,Racine County,197727
55,Richland County,17304
55,Rock County,163687
55,Rusk County,14188
55,St. Croix County,93536
55,Sauk County,65763
55,Sawyer County,18074
55,Shawano County,40881
55,Sheboygan County,118034
55,Taylor County,19913
55,Trempealeau County,30760
55,Vernon County,30714
55,Vilas County,23047
55,Walworth County,106478
55,Washburn County,16623
55,Washington County,136761
55,Waukesha County,406978
55,Waupaca County,51812
55,Waushara County,24520
55,Winnebago County,171730
55,Wood County,74207
56,Albany County,37066
56,Big Horn County,11521
56,Campbell County,47026
56,Carbon County,14537
56,Converse County,13751
56,Crook County,7181
56,Fremont County,39234
56,Goshen County,12498
56,Hot Springs County,4621
56,Johnson County,8447
56,Laramie County,100512
56,Lincoln County,19581
56,Natrona County,79955
56,Niobrara County,2467
56,Park County,29624
56,Platte County,8605
56,Sheridan County,30921
56,Sublette County,8728
56,Sweetwater County,42272
56,Teton County,23331
56,Uinta County,20450
56,Washakie County,7685
56,Weston County,6838
72,Adjuntas Municipio,18020
72,Aguada Municipio,38136
72,Aguadilla Municipio,55101
72,Aguas Buenas Municipio,24223
72,Aibonito Municipio,24637
72,Añasco Municipio,25596
72,Arecibo Municipio,87754
72,Arroyo Municipio,15843
72,Barceloneta Municipio,22657
72,Barranquitas Municipio,28983
72,Bayamón Municipio,185187
72,Cabo Rojo Municipio,47158
72,Caguas Municipio,127244
72,Camuy Municipio,32827
72,Canóvanas Municipio,42337
72,Carolina Municipio,154815
72,Cataño Municipio,23155
72,Cayey Municipio,41652
72,Ceiba Municipio,11307
72,Ciales Municipio,16984
72,Cidra Municipio,39970
72,Coamo Municipio,34668
72,Comerío Municipio,18883
72,Corozal Municipio,34571
72,Culebra Municipio,1792
72,Dorado Municipio,35879
72,Fajardo Municipio,32124
72,Florida Municipio,11692
72,Guánica Municipio,13787
72,Guayama Municipio,36614
72,Guayanilla Municipio,17784
72,Guaynabo Municipio,89780
72,Gurabo Municipio,40622
72,Hatillo Municipio,38486
72,Hormigueros Municipio,15654
72,Humacao Municipio,50896
72,Isabela Municipio,42943
72,Jayuya Municipio,14779
72,Juana Díaz Municipio,46538
72,Juncos Municipio,37012
72,Lajas Municipio,23334
72,Lares Municipio,28105
72,Las Marías Municipio,8874
72,Las Piedras Municipio,35180
72,Loíza Municipio,23693
72,Luquillo Municipio,17781
72,Manatí Municipio,39492
72,Maricao Municipio,4755
72,Maunabo Municipio,10589
72,Mayagüez Municipio,73077
72,Moca Municipio,37460
72,Morovis Municipio,28727
72,Naguabo Municipio,23386
72,Naranjito Municipio,29241
72,Orocovis Municipio,21434
72,Patillas Municipio,15985
72,Peñuelas Municipio,20399
72,Ponce Municipio,137491
72,Quebradillas Municipio,23638
72,Rincón Municipio,15187
72,Río Grande Municipio,47060
72,Sabana Grande Municipio,22729
72,Salinas Municipio,25789
72,San Germán Municipio,31879
72,San Juan Municipio,342259
72,San Lorenzo Municipio,37693
72,San Sebastián Municipio,39345
72,Santa Isabel Municipio,20281
72,Toa Alta Municipio,66852
72,Toa Baja Municipio,75293
72,Trujillo Alto Municipio,67740
72,Utuado Municipio,28287
72,Vega Alta Municipio,35395
72,Vega Baja Municipio,54414
72,Vieques Municipio,8249
72,Villalba Municipio,22093
72,Yabucoa Municipio,30426
72,Yauco Municipio,34172
